TIMESTAMP,TRACK_ID,OBJECT_TYPE,X,Y,CITY_NAME,REF_xmin,AUGMENT_TYPE,AUGMENT_DIRECTION,ATTACK_POWER_TYPE
16.0,52180,AGENT,2534.85,1427.01,PIT,2494.8685661192867,1,1,7.0
16.1,52180,AGENT,2534.34,1426.58,PIT,2494.8685661192867,1,1,7.0
16.2,52180,AGENT,2533.85,1426.16,PIT,2494.8685661192867,1,1,7.0
16.3,52180,AGENT,2533.36,1425.73,PIT,2494.8685661192867,1,1,7.0
16.4,52180,AGENT,2532.88,1425.31,PIT,2494.8685661192867,1,1,7.0
16.5,52180,AGENT,2532.39,1424.87,PIT,2494.8685661192867,1,1,7.0
16.6,52180,AGENT,2531.9,1424.43,PIT,2494.8685661192867,1,1,7.0
16.7,52180,AGENT,2531.42,1423.99,PIT,2494.8685661192867,1,1,7.0
16.8,52180,AGENT,2530.93,1423.54,PIT,2494.8685661192867,1,1,7.0
16.9,52180,AGENT,2530.44,1423.09,PIT,2494.8685661192867,1,1,7.0
17.0,52180,AGENT,2529.96,1422.63,PIT,2494.8685661192867,1,1,7.0
17.1,52180,AGENT,2529.47,1422.17,PIT,2494.8685661192867,1,1,7.0
17.2,52180,AGENT,2528.98,1421.71,PIT,2494.8685661192867,1,1,7.0
17.3,52180,AGENT,2528.49,1421.24,PIT,2494.8685661192867,1,1,7.0
17.4,52180,AGENT,2527.99,1420.75,PIT,2494.8685661192867,1,1,7.0
17.5,52180,AGENT,2527.48,1420.26,PIT,2494.8685661192867,1,1,7.0
17.6,52180,AGENT,2526.97,1419.76,PIT,2494.8685661192867,1,1,7.0
17.7,52180,AGENT,2526.46,1419.25,PIT,2494.8685661192867,1,1,7.0
17.8,52180,AGENT,2525.94,1418.75,PIT,2494.8685661192867,1,1,7.0
17.9,52180,AGENT,2525.43,1418.24,PIT,2494.8685661192867,1,1,7.0
18.0,52180,AGENT,2524.93,1417.75,PIT,2494.8685661192867,1,1,7.0
18.1,52180,AGENT,2524.43,1417.26,PIT,2494.8685661192867,1,1,7.0
18.2,52180,AGENT,2523.93,1416.77,PIT,2494.8685661192867,1,1,7.0
18.3,52180,AGENT,2523.43,1416.29,PIT,2494.8685661192867,1,1,7.0
18.4,52180,AGENT,2522.92,1415.8,PIT,2494.8685661192867,1,1,7.0
18.5,52180,AGENT,2522.42,1415.33,PIT,2494.8685661192867,1,1,7.0
18.6,52180,AGENT,2521.91,1414.86,PIT,2494.8685661192867,1,1,7.0
18.7,52180,AGENT,2521.39,1414.4,PIT,2494.8685661192867,1,1,7.0
18.8,52180,AGENT,2520.88,1413.96,PIT,2494.8685661192867,1,1,7.0
18.9,52180,AGENT,2520.37,1413.52,PIT,2494.8685661192867,1,1,7.0
19.0,52180,AGENT,2519.87,1413.11,PIT,2494.8685661192867,1,1,7.0
19.1,52180,AGENT,2519.36,1412.71,PIT,2494.8685661192867,1,1,7.0
19.2,52180,AGENT,2518.86,1412.32,PIT,2494.8685661192867,1,1,7.0
19.3,52180,AGENT,2518.36,1411.96,PIT,2494.8685661192867,1,1,7.0
19.4,52180,AGENT,2517.87,1411.62,PIT,2494.8685661192867,1,1,7.0
19.5,52180,AGENT,2517.37,1411.31,PIT,2494.8685661192867,1,1,7.0
19.6,52180,AGENT,2516.88,1411.02,PIT,2494.8685661192867,1,1,7.0
19.7,52180,AGENT,2516.4,1410.75,PIT,2494.8685661192867,1,1,7.0
19.8,52180,AGENT,2515.92,1410.51,PIT,2494.8685661192867,1,1,7.0
19.9,52180,AGENT,2515.44,1410.3,PIT,2494.8685661192867,1,1,7.0
20.0,52180,AGENT,2514.96,1410.12,PIT,2494.8685661192867,1,1,7.0
20.1,52180,AGENT,2514.48,1409.98,PIT,2494.8685661192867,1,1,7.0
20.2,52180,AGENT,2514.0,1409.86,PIT,2494.8685661192867,1,1,7.0
20.3,52180,AGENT,2513.52,1409.78,PIT,2494.8685661192867,1,1,7.0
20.4,52180,AGENT,2513.04,1409.74,PIT,2494.8685661192867,1,1,7.0
20.5,52180,AGENT,2512.56,1409.73,PIT,2494.8685661192867,1,1,7.0
20.6,52180,AGENT,2512.08,1409.75,PIT,2494.8685661192867,1,1,7.0
20.7,52180,AGENT,2511.61,1409.81,PIT,2494.8685661192867,1,1,7.0
20.8,52180,AGENT,2511.13,1409.9,PIT,2494.8685661192867,1,1,7.0
20.9,52180,AGENT,2510.66,1410.02,PIT,2494.8685661192867,1,1,7.0
