TIMESTAMP,TRACK_ID,OBJECT_TYPE,X,Y,CITY_NAME
60.0,52180,AGENT,3113.66,1567.25,PIT
60.1,52180,AGENT,3112.99,1566.63,PIT
60.2,52180,AGENT,3112.33,1566.02,PIT
60.3,52180,AGENT,3111.66,1565.4,PIT
60.4,52180,AGENT,3111.0,1564.79,PIT
60.5,52180,AGENT,3110.33,1564.18,PIT
60.6,52180,AGENT,3109.66,1563.56,PIT
60.7,52180,AGENT,3109.0,1562.95,PIT
60.8,52180,AGENT,3108.33,1562.33,PIT
60.9,52180,AGENT,3107.67,1561.72,PIT
61.0,52180,AGENT,3107.0,1561.11,PIT
61.1,52180,AGENT,3106.33,1560.49,PIT
61.2,52180,AGENT,3105.66,1559.88,PIT
61.3,52180,AGENT,3105.0,1559.27,PIT
61.4,52180,AGENT,3104.33,1558.66,PIT
61.5,52180,AGENT,3103.66,1558.04,PIT
61.6,52180,AGENT,3102.99,1557.43,PIT
61.7,52180,AGENT,3102.33,1556.82,PIT
61.8,52180,AGENT,3101.66,1556.21,PIT
61.9,52180,AGENT,3100.99,1555.6,PIT
62.0,52180,AGENT,3100.32,1554.98,PIT
62.1,52180,AGENT,3099.65,1554.37,PIT
62.2,52180,AGENT,3098.99,1553.76,PIT
62.3,52180,AGENT,3098.32,1553.15,PIT
62.4,52180,AGENT,3097.65,1552.54,PIT
62.5,52180,AGENT,3096.98,1551.92,PIT
62.6,52180,AGENT,3096.31,1551.31,PIT
62.7,52180,AGENT,3095.65,1550.7,PIT
62.8,52180,AGENT,3094.98,1550.09,PIT
62.9,52180,AGENT,3094.31,1549.47,PIT
63.0,52180,AGENT,3093.65,1548.86,PIT
63.1,52180,AGENT,3092.98,1548.25,PIT
63.2,52180,AGENT,3092.31,1547.63,PIT
63.3,52180,AGENT,3091.65,1547.02,PIT
63.4,52180,AGENT,3090.98,1546.4,PIT
63.5,52180,AGENT,3090.32,1545.79,PIT
63.6,52180,AGENT,3089.65,1545.17,PIT
63.7,52180,AGENT,3088.99,1544.56,PIT
63.8,52180,AGENT,3088.32,1543.94,PIT
63.9,52180,AGENT,3087.66,1543.33,PIT
64.0,52180,AGENT,3087.0,1542.71,PIT
64.1,52180,AGENT,3086.33,1542.09,PIT
64.2,52180,AGENT,3085.67,1541.48,PIT
64.3,52180,AGENT,3085.01,1540.86,PIT
64.4,52180,AGENT,3084.34,1540.24,PIT
64.5,52180,AGENT,3083.68,1539.62,PIT
64.6,52180,AGENT,3083.02,1539.01,PIT
64.7,52180,AGENT,3082.36,1538.39,PIT
64.8,52180,AGENT,3081.69,1537.77,PIT
64.9,52180,AGENT,3081.03,1537.15,PIT
